lane,repo,token_overlap,negation_hit,personal_hit,age_months
agentic-ai-skill,VoDaiLocz/Enhance-Prompt,yes,no,no,
agentic-ai-skill,rhysmcneill/agentic-ai-library,yes,no,no,
web-frontend-skill,amrrs/cinematic-webscroll-frontend-skill,yes,no,no,
web-backend-skill,andreasbm/web-skills,yes,no,no,
game-development-skill,UnrealBlueprint/02_CrystalCavern,yes,no,no,
game-development-skill,Unengine/GameEngineAndGameMathTIL,yes,no,no,
game-development-skill,tjboudreaux/cc-plugin-unity-gamedev,yes,no,no,
game-development-skill,auriorajaa/Java2DGame,yes,no,no,
OK: no recommendation-quality violations
